USE [TaxesDB]
GO

-- ENTITY_TYPE
INSERT INTO [dbo].[ENTITY_TYPE]( [ID_ENTITY_TYPE_PK], [DE_ENTITY_TYPE] ) VALUES ( 3, 'AGENCY');
INSERT INTO [dbo].[ENTITY_TYPE]( [ID_ENTITY_TYPE_PK], [DE_ENTITY_TYPE] ) VALUES ( 2, 'COMPANY');
INSERT INTO [dbo].[ENTITY_TYPE]( [ID_ENTITY_TYPE_PK], [DE_ENTITY_TYPE] ) VALUES ( 1, 'INDIVIDUAL');
GO

-- PHONE_TYPE
INSERT INTO [dbo].[PHONE_TYPE]( [DE_PHONE_TYPE] ) VALUES ( 'LANDLINE');
INSERT INTO [dbo].[PHONE_TYPE]( [DE_PHONE_TYPE] ) VALUES ( 'MOBILE');
INSERT INTO [dbo].[PHONE_TYPE]( [DE_PHONE_TYPE] ) VALUES ( 'FAX');
INSERT INTO [dbo].[PHONE_TYPE]( [DE_PHONE_TYPE] ) VALUES ( 'TOLL-FREE');
INSERT INTO [dbo].[PHONE_TYPE]( [DE_PHONE_TYPE] ) VALUES ( 'N/A');
GO

-- TAX_TYPE
INSERT INTO [dbo].[TAX_TYPE]( [DE_TAX_TYPE] ) VALUES ( 'STAMP DUTY');
INSERT INTO [dbo].[TAX_TYPE]( [DE_TAX_TYPE] ) VALUES ( 'REAL ESTATE');
INSERT INTO [dbo].[TAX_TYPE]( [DE_TAX_TYPE] ) VALUES ( 'AUTOMOTIVE PATENT');
INSERT INTO [dbo].[TAX_TYPE]( [DE_TAX_TYPE] ) VALUES ( 'GROSS INCOME');
INSERT INTO [dbo].[TAX_TYPE]( [DE_TAX_TYPE] ) VALUES ( 'N/A');
GO

-- ENTITIES
INSERT INTO [dbo].[ENTITIES]( [ID_ENTITY_TYPE_FK], [ADDRESS], [EMAIL] ) VALUES ( 1, '184 Aster Court - San Francisco - 93366', 'carson.woods@mail.com');
INSERT INTO [dbo].[ENTITIES]( [ID_ENTITY_TYPE_FK], [ADDRESS], [EMAIL] ) VALUES ( 1, '105 Summer Place - New York - 37826', 'aaliyahrutledge@gmail.com');
INSERT INTO [dbo].[ENTITIES]( [ID_ENTITY_TYPE_FK], [ADDRESS], [EMAIL] ) VALUES ( 1, '96 Ford Street - Washington - 47038', 'hudsonlove@mail.com');
INSERT INTO [dbo].[ENTITIES]( [ID_ENTITY_TYPE_FK], [ADDRESS], [EMAIL] ) VALUES ( 1, '52 Atkins Avenue APT 299 - Miami - 76995', 'mays@mail.com');
INSERT INTO [dbo].[ENTITIES]( [ID_ENTITY_TYPE_FK], [ADDRESS], [EMAIL] ) VALUES ( 1, '28 Atkins Avenue - Washington - 10672', 'alexisjoyce@gmail.com');
INSERT INTO [dbo].[ENTITIES]( [ID_ENTITY_TYPE_FK], [ADDRESS], [EMAIL] ) VALUES ( 1, '114 Ford Street APT 97 - New York - 13042', 'brayden.larsen@gmail.com');
INSERT INTO [dbo].[ENTITIES]( [ID_ENTITY_TYPE_FK], [ADDRESS], [EMAIL] ) VALUES ( 1, '77 Cove Lane - Washington - 64733', 'glenn@yahoo.com');
INSERT INTO [dbo].[ENTITIES]( [ID_ENTITY_TYPE_FK], [ADDRESS], [EMAIL] ) VALUES ( 1, '94 Stillwell Avenue APT 226 - San Francisco - 00083', 'london.austin@yahoo.com');
INSERT INTO [dbo].[ENTITIES]( [ID_ENTITY_TYPE_FK], [ADDRESS], [EMAIL] ) VALUES ( 1, '51 Tabor Court - San Francisco - 89760', 'claire.ryan@yahoo.com');
INSERT INTO [dbo].[ENTITIES]( [ID_ENTITY_TYPE_FK], [ADDRESS], [EMAIL] ) VALUES ( 1, '99 Washington Walk APT 113 - San Francisco - 25353', 'tristantravis@gmail.com');
INSERT INTO [dbo].[ENTITIES]( [ID_ENTITY_TYPE_FK], [ADDRESS], [EMAIL] ) VALUES ( 2, null, 'office@memortechllc.biz');
INSERT INTO [dbo].[ENTITIES]( [ID_ENTITY_TYPE_FK], [ADDRESS], [EMAIL] ) VALUES ( 2, null, 'info@quisucassociates.biz');
INSERT INTO [dbo].[ENTITIES]( [ID_ENTITY_TYPE_FK], [ADDRESS], [EMAIL] ) VALUES ( 2, null, 'info@adaptcompany.eu');
INSERT INTO [dbo].[ENTITIES]( [ID_ENTITY_TYPE_FK], [ADDRESS], [EMAIL] ) VALUES ( 2, null, 'contact@buapelllc.com');
INSERT INTO [dbo].[ENTITIES]( [ID_ENTITY_TYPE_FK], [ADDRESS], [EMAIL] ) VALUES ( 2, null, 'office@linger.biz');
INSERT INTO [dbo].[ENTITIES]( [ID_ENTITY_TYPE_FK], [ADDRESS], [EMAIL] ) VALUES ( 3, '3357 Roosevelt Street - San Francisco - 94108', null);
INSERT INTO [dbo].[ENTITIES]( [ID_ENTITY_TYPE_FK], [ADDRESS], [EMAIL] ) VALUES ( 3, '4851 Steve Hunt Road - Miami - 33138', null);
INSERT INTO [dbo].[ENTITIES]( [ID_ENTITY_TYPE_FK], [ADDRESS], [EMAIL] ) VALUES ( 3, '4129 Angus Road - New York - 10048', null);
GO

-- PHONES
INSERT INTO [dbo].[PHONES]( [ID_ENTITY_FK], [ID_PHONE_TYPE_FK], [PHONE_NUMBER] ) VALUES ( 1, 2, '463391503');
INSERT INTO [dbo].[PHONES]( [ID_ENTITY_FK], [ID_PHONE_TYPE_FK], [PHONE_NUMBER] ) VALUES ( 2, 2, '499109645');
INSERT INTO [dbo].[PHONES]( [ID_ENTITY_FK], [ID_PHONE_TYPE_FK], [PHONE_NUMBER] ) VALUES ( 3, 2, '1836901528');
INSERT INTO [dbo].[PHONES]( [ID_ENTITY_FK], [ID_PHONE_TYPE_FK], [PHONE_NUMBER] ) VALUES ( 4, 2, '896208347');
INSERT INTO [dbo].[PHONES]( [ID_ENTITY_FK], [ID_PHONE_TYPE_FK], [PHONE_NUMBER] ) VALUES ( 5, 2, '8126444240');
INSERT INTO [dbo].[PHONES]( [ID_ENTITY_FK], [ID_PHONE_TYPE_FK], [PHONE_NUMBER] ) VALUES ( 6, 2, '0554129620');
INSERT INTO [dbo].[PHONES]( [ID_ENTITY_FK], [ID_PHONE_TYPE_FK], [PHONE_NUMBER] ) VALUES ( 7, 2, '5707117766');
INSERT INTO [dbo].[PHONES]( [ID_ENTITY_FK], [ID_PHONE_TYPE_FK], [PHONE_NUMBER] ) VALUES ( 8, 2, '1876030297');
INSERT INTO [dbo].[PHONES]( [ID_ENTITY_FK], [ID_PHONE_TYPE_FK], [PHONE_NUMBER] ) VALUES ( 9, 2, '773503404');
INSERT INTO [dbo].[PHONES]( [ID_ENTITY_FK], [ID_PHONE_TYPE_FK], [PHONE_NUMBER] ) VALUES ( 10, 2, '039365929');
INSERT INTO [dbo].[PHONES]( [ID_ENTITY_FK], [ID_PHONE_TYPE_FK], [PHONE_NUMBER] ) VALUES ( 11, 3, '2025550199');
INSERT INTO [dbo].[PHONES]( [ID_ENTITY_FK], [ID_PHONE_TYPE_FK], [PHONE_NUMBER] ) VALUES ( 12, 3, '2025550193');
INSERT INTO [dbo].[PHONES]( [ID_ENTITY_FK], [ID_PHONE_TYPE_FK], [PHONE_NUMBER] ) VALUES ( 13, 3, '2025550186');
INSERT INTO [dbo].[PHONES]( [ID_ENTITY_FK], [ID_PHONE_TYPE_FK], [PHONE_NUMBER] ) VALUES ( 14, 3, '2025550124');
INSERT INTO [dbo].[PHONES]( [ID_ENTITY_FK], [ID_PHONE_TYPE_FK], [PHONE_NUMBER] ) VALUES ( 15, 3, '2025550163');
INSERT INTO [dbo].[PHONES]( [ID_ENTITY_FK], [ID_PHONE_TYPE_FK], [PHONE_NUMBER] ) VALUES ( 16, 1, '8306985137');
INSERT INTO [dbo].[PHONES]( [ID_ENTITY_FK], [ID_PHONE_TYPE_FK], [PHONE_NUMBER] ) VALUES ( 17, 1, '8605462741');
INSERT INTO [dbo].[PHONES]( [ID_ENTITY_FK], [ID_PHONE_TYPE_FK], [PHONE_NUMBER] ) VALUES ( 18, 1, '8602040813');
INSERT INTO [dbo].[PHONES]( [ID_ENTITY_FK], [ID_PHONE_TYPE_FK], [PHONE_NUMBER] ) VALUES ( 1, 2, '4063794588');
INSERT INTO [dbo].[PHONES]( [ID_ENTITY_FK], [ID_PHONE_TYPE_FK], [PHONE_NUMBER] ) VALUES ( 11, 1, '4329906139');
GO

-- AGENCIES
INSERT INTO [dbo].[AGENCIES]( [ID_ENTITY_PK_FK], [ID_ENTITY_TYPE_PK_FK], [AGENCY_NUMBER]) VALUES ( 16, 3, '070212820');
INSERT INTO [dbo].[AGENCIES]( [ID_ENTITY_PK_FK], [ID_ENTITY_TYPE_PK_FK], [AGENCY_NUMBER]) VALUES ( 18, 3, '428444800');
INSERT INTO [dbo].[AGENCIES]( [ID_ENTITY_PK_FK], [ID_ENTITY_TYPE_PK_FK], [AGENCY_NUMBER]) VALUES ( 17, 3, '463104791');
GO

-- COMPANIES
INSERT INTO [dbo].[COMPANIES]( [ID_ENTITY_PK_FK], [ID_ENTITY_TYPE_PK_FK], [CUIT_NUMBER], [DT_COMMENCEMENT], [WEBSITE] ) VALUES ( 11, 2, '570005538', '1989-01-30', 'www.memortechllc.com');
INSERT INTO [dbo].[COMPANIES]( [ID_ENTITY_PK_FK], [ID_ENTITY_TYPE_PK_FK], [CUIT_NUMBER], [DT_COMMENCEMENT], [WEBSITE] ) VALUES ( 12, 2, '140002126', '2000-04-22', 'www.quisucassociates.com');
INSERT INTO [dbo].[COMPANIES]( [ID_ENTITY_PK_FK], [ID_ENTITY_TYPE_PK_FK], [CUIT_NUMBER], [DT_COMMENCEMENT], [WEBSITE] ) VALUES ( 13, 2, '160005990', '2003-07-13', 'www.adaptcompany.com');
INSERT INTO [dbo].[COMPANIES]( [ID_ENTITY_PK_FK], [ID_ENTITY_TYPE_PK_FK], [CUIT_NUMBER], [DT_COMMENCEMENT], [WEBSITE] ) VALUES ( 14, 2, '870003127', '1995-10-03', 'www.buapelllc.com');
INSERT INTO [dbo].[COMPANIES]( [ID_ENTITY_PK_FK], [ID_ENTITY_TYPE_PK_FK], [CUIT_NUMBER], [DT_COMMENCEMENT], [WEBSITE] ) VALUES ( 15, 2, '970005500', '1991-12-09', 'www.linger.com');
GO

-- INDIVIDUALS
INSERT INTO [dbo].[INDIVIDUALS]( [ID_ENTITY_PK_FK], [ID_ENTITY_TYPE_PK_FK], [DOCUMENT_NUMBER], [FULL_NAME], [DT_BIRTH], [ID_AGENCY_EMPLOYER_FK] ) VALUES ( 1, 1, '491334513', 'Carson Sebastian Woods', '1970-08-11', 16);
INSERT INTO [dbo].[INDIVIDUALS]( [ID_ENTITY_PK_FK], [ID_ENTITY_TYPE_PK_FK], [DOCUMENT_NUMBER], [FULL_NAME], [DT_BIRTH], [ID_AGENCY_EMPLOYER_FK] ) VALUES ( 2, 1, '472211859', 'Aaliyah Rutledge', '1994-09-09', 16);
INSERT INTO [dbo].[INDIVIDUALS]( [ID_ENTITY_PK_FK], [ID_ENTITY_TYPE_PK_FK], [DOCUMENT_NUMBER], [FULL_NAME], [DT_BIRTH], [ID_AGENCY_EMPLOYER_FK] ) VALUES ( 3, 1, '640748343', 'Hudson Love', '1986-04-16', 16);
INSERT INTO [dbo].[INDIVIDUALS]( [ID_ENTITY_PK_FK], [ID_ENTITY_TYPE_PK_FK], [DOCUMENT_NUMBER], [FULL_NAME], [DT_BIRTH], [ID_AGENCY_EMPLOYER_FK] ) VALUES ( 4, 1, '058324562', 'Elizabeth Mays', '1983-10-01', 17);
INSERT INTO [dbo].[INDIVIDUALS]( [ID_ENTITY_PK_FK], [ID_ENTITY_TYPE_PK_FK], [DOCUMENT_NUMBER], [FULL_NAME], [DT_BIRTH], [ID_AGENCY_EMPLOYER_FK] ) VALUES ( 5, 1, '422927717', 'Alexis Chloe Joyce', '1976-07-31', 17);
INSERT INTO [dbo].[INDIVIDUALS]( [ID_ENTITY_PK_FK], [ID_ENTITY_TYPE_PK_FK], [DOCUMENT_NUMBER], [FULL_NAME], [DT_BIRTH], [ID_AGENCY_EMPLOYER_FK] ) VALUES ( 6, 1, '885054189', 'Brayden Evan Larsen', '1959-01-25', 18);
INSERT INTO [dbo].[INDIVIDUALS]( [ID_ENTITY_PK_FK], [ID_ENTITY_TYPE_PK_FK], [DOCUMENT_NUMBER], [FULL_NAME], [DT_BIRTH], [ID_AGENCY_EMPLOYER_FK] ) VALUES ( 7, 1, '703886155', 'Andrew Glenn', '1993-05-10', 18);
INSERT INTO [dbo].[INDIVIDUALS]( [ID_ENTITY_PK_FK], [ID_ENTITY_TYPE_PK_FK], [DOCUMENT_NUMBER], [FULL_NAME], [DT_BIRTH], [ID_AGENCY_EMPLOYER_FK] ) VALUES ( 8, 1, '046714469', 'London Samantha Austin', '1980-08-14', 17);
INSERT INTO [dbo].[INDIVIDUALS]( [ID_ENTITY_PK_FK], [ID_ENTITY_TYPE_PK_FK], [DOCUMENT_NUMBER], [FULL_NAME], [DT_BIRTH], [ID_AGENCY_EMPLOYER_FK] ) VALUES ( 9, 1, '478717265', 'Claire Ryan', '1987-07-03', null);
INSERT INTO [dbo].[INDIVIDUALS]( [ID_ENTITY_PK_FK], [ID_ENTITY_TYPE_PK_FK], [DOCUMENT_NUMBER], [FULL_NAME], [DT_BIRTH], [ID_AGENCY_EMPLOYER_FK] ) VALUES ( 10, 1, '309947482', 'Tristan Isaiah Travis', '1971-11-20', null);
GO

-- TAX_PAYMENTS
INSERT INTO [dbo].[TAX_PAYMENTS]( [ID_TAX_TYPE_FK], [ID_AGENCY_ENTITY_FK], [ID_TAXPAYER_ENTITY_FK], [DT_PAYMENT], [AMOUNT] ) VALUES ( 4, 16, 1, '2022-04-18', 5716.91);
INSERT INTO [dbo].[TAX_PAYMENTS]( [ID_TAX_TYPE_FK], [ID_AGENCY_ENTITY_FK], [ID_TAXPAYER_ENTITY_FK], [DT_PAYMENT], [AMOUNT] ) VALUES ( 4, 16, 2, '2021-03-22', 995.79);
INSERT INTO [dbo].[TAX_PAYMENTS]( [ID_TAX_TYPE_FK], [ID_AGENCY_ENTITY_FK], [ID_TAXPAYER_ENTITY_FK], [DT_PAYMENT], [AMOUNT] ) VALUES ( 4, 17, 3, '2022-07-06', 9833.80);
INSERT INTO [dbo].[TAX_PAYMENTS]( [ID_TAX_TYPE_FK], [ID_AGENCY_ENTITY_FK], [ID_TAXPAYER_ENTITY_FK], [DT_PAYMENT], [AMOUNT] ) VALUES ( 4, 18, 4, '2021-05-21', 1048.51);
INSERT INTO [dbo].[TAX_PAYMENTS]( [ID_TAX_TYPE_FK], [ID_AGENCY_ENTITY_FK], [ID_TAXPAYER_ENTITY_FK], [DT_PAYMENT], [AMOUNT] ) VALUES ( 4, 17, 5, '2022-07-26', 3447.81);
INSERT INTO [dbo].[TAX_PAYMENTS]( [ID_TAX_TYPE_FK], [ID_AGENCY_ENTITY_FK], [ID_TAXPAYER_ENTITY_FK], [DT_PAYMENT], [AMOUNT] ) VALUES ( 4, 18, 6, '2021-11-14', 819.49);
INSERT INTO [dbo].[TAX_PAYMENTS]( [ID_TAX_TYPE_FK], [ID_AGENCY_ENTITY_FK], [ID_TAXPAYER_ENTITY_FK], [DT_PAYMENT], [AMOUNT] ) VALUES ( 4, 17, 7, '2022-05-27', 688.44);
INSERT INTO [dbo].[TAX_PAYMENTS]( [ID_TAX_TYPE_FK], [ID_AGENCY_ENTITY_FK], [ID_TAXPAYER_ENTITY_FK], [DT_PAYMENT], [AMOUNT] ) VALUES ( 4, 17, 8, '2022-06-18', 432.05);
INSERT INTO [dbo].[TAX_PAYMENTS]( [ID_TAX_TYPE_FK], [ID_AGENCY_ENTITY_FK], [ID_TAXPAYER_ENTITY_FK], [DT_PAYMENT], [AMOUNT] ) VALUES ( 4, 16, 9, '2022-12-14', 622.55);
INSERT INTO [dbo].[TAX_PAYMENTS]( [ID_TAX_TYPE_FK], [ID_AGENCY_ENTITY_FK], [ID_TAXPAYER_ENTITY_FK], [DT_PAYMENT], [AMOUNT] ) VALUES ( 4, 16, 10, '2022-09-02', 873.88);
INSERT INTO [dbo].[TAX_PAYMENTS]( [ID_TAX_TYPE_FK], [ID_AGENCY_ENTITY_FK], [ID_TAXPAYER_ENTITY_FK], [DT_PAYMENT], [AMOUNT] ) VALUES ( 4, 18, 11, '2021-02-11', 238940.61);
INSERT INTO [dbo].[TAX_PAYMENTS]( [ID_TAX_TYPE_FK], [ID_AGENCY_ENTITY_FK], [ID_TAXPAYER_ENTITY_FK], [DT_PAYMENT], [AMOUNT] ) VALUES ( 4, 18, 12, '2021-08-20', 47888.52);
INSERT INTO [dbo].[TAX_PAYMENTS]( [ID_TAX_TYPE_FK], [ID_AGENCY_ENTITY_FK], [ID_TAXPAYER_ENTITY_FK], [DT_PAYMENT], [AMOUNT] ) VALUES ( 4, 18, 13, '2021-09-01', 805250.19);
INSERT INTO [dbo].[TAX_PAYMENTS]( [ID_TAX_TYPE_FK], [ID_AGENCY_ENTITY_FK], [ID_TAXPAYER_ENTITY_FK], [DT_PAYMENT], [AMOUNT] ) VALUES ( 4, 18, 14, '2022-11-07', 164691.53);
INSERT INTO [dbo].[TAX_PAYMENTS]( [ID_TAX_TYPE_FK], [ID_AGENCY_ENTITY_FK], [ID_TAXPAYER_ENTITY_FK], [DT_PAYMENT], [AMOUNT] ) VALUES ( 4, 18, 15, '2021-12-05', 769562.40);
INSERT INTO [dbo].[TAX_PAYMENTS]( [ID_TAX_TYPE_FK], [ID_AGENCY_ENTITY_FK], [ID_TAXPAYER_ENTITY_FK], [DT_PAYMENT], [AMOUNT] ) VALUES ( 1, 16, 11, '2021-11-23', 755579.90);
INSERT INTO [dbo].[TAX_PAYMENTS]( [ID_TAX_TYPE_FK], [ID_AGENCY_ENTITY_FK], [ID_TAXPAYER_ENTITY_FK], [DT_PAYMENT], [AMOUNT] ) VALUES ( 1, 17, 12, '2022-10-31', 950650.11);
INSERT INTO [dbo].[TAX_PAYMENTS]( [ID_TAX_TYPE_FK], [ID_AGENCY_ENTITY_FK], [ID_TAXPAYER_ENTITY_FK], [DT_PAYMENT], [AMOUNT] ) VALUES ( 1, 17, 13, '2022-01-12', 958925.65);
INSERT INTO [dbo].[TAX_PAYMENTS]( [ID_TAX_TYPE_FK], [ID_AGENCY_ENTITY_FK], [ID_TAXPAYER_ENTITY_FK], [DT_PAYMENT], [AMOUNT] ) VALUES ( 1, 17, 14, '2022-09-21', 470614.05);
INSERT INTO [dbo].[TAX_PAYMENTS]( [ID_TAX_TYPE_FK], [ID_AGENCY_ENTITY_FK], [ID_TAXPAYER_ENTITY_FK], [DT_PAYMENT], [AMOUNT] ) VALUES ( 1, 18, 15, '2022-01-30', 867908.96);
INSERT INTO [dbo].[TAX_PAYMENTS]( [ID_TAX_TYPE_FK], [ID_AGENCY_ENTITY_FK], [ID_TAXPAYER_ENTITY_FK], [DT_PAYMENT], [AMOUNT] ) VALUES ( 2, 16, 1, '2022-01-30', 461.88);
INSERT INTO [dbo].[TAX_PAYMENTS]( [ID_TAX_TYPE_FK], [ID_AGENCY_ENTITY_FK], [ID_TAXPAYER_ENTITY_FK], [DT_PAYMENT], [AMOUNT] ) VALUES ( 2, 17, 2, '2021-05-27', 6596.78);
INSERT INTO [dbo].[TAX_PAYMENTS]( [ID_TAX_TYPE_FK], [ID_AGENCY_ENTITY_FK], [ID_TAXPAYER_ENTITY_FK], [DT_PAYMENT], [AMOUNT] ) VALUES ( 2, 18, 3, '2021-06-30', 4097.86);
INSERT INTO [dbo].[TAX_PAYMENTS]( [ID_TAX_TYPE_FK], [ID_AGENCY_ENTITY_FK], [ID_TAXPAYER_ENTITY_FK], [DT_PAYMENT], [AMOUNT] ) VALUES ( 2, 16, 4, '2022-09-13', 2960.93);
INSERT INTO [dbo].[TAX_PAYMENTS]( [ID_TAX_TYPE_FK], [ID_AGENCY_ENTITY_FK], [ID_TAXPAYER_ENTITY_FK], [DT_PAYMENT], [AMOUNT] ) VALUES ( 2, 18, 5, '2022-05-17', 489.48);
INSERT INTO [dbo].[TAX_PAYMENTS]( [ID_TAX_TYPE_FK], [ID_AGENCY_ENTITY_FK], [ID_TAXPAYER_ENTITY_FK], [DT_PAYMENT], [AMOUNT] ) VALUES ( 2, 17, 6, '2022-09-05', 2359.38);
INSERT INTO [dbo].[TAX_PAYMENTS]( [ID_TAX_TYPE_FK], [ID_AGENCY_ENTITY_FK], [ID_TAXPAYER_ENTITY_FK], [DT_PAYMENT], [AMOUNT] ) VALUES ( 2, 16, 7, '2022-03-27', 8351.01);
INSERT INTO [dbo].[TAX_PAYMENTS]( [ID_TAX_TYPE_FK], [ID_AGENCY_ENTITY_FK], [ID_TAXPAYER_ENTITY_FK], [DT_PAYMENT], [AMOUNT] ) VALUES ( 2, 18, 8, '2021-08-20', 7886.52);
INSERT INTO [dbo].[TAX_PAYMENTS]( [ID_TAX_TYPE_FK], [ID_AGENCY_ENTITY_FK], [ID_TAXPAYER_ENTITY_FK], [DT_PAYMENT], [AMOUNT] ) VALUES ( 2, 17, 9, '2022-01-25', 9301.09);
INSERT INTO [dbo].[TAX_PAYMENTS]( [ID_TAX_TYPE_FK], [ID_AGENCY_ENTITY_FK], [ID_TAXPAYER_ENTITY_FK], [DT_PAYMENT], [AMOUNT] ) VALUES ( 2, 16, 10, '2022-10-24', 6846.80);
GO

-- AGENCY_MANAGERS
INSERT INTO [dbo].[AGENCY_MANAGERS]( [ID_AGENCY_ENTITY_PK_FK], [ID_MANAGER_ENTITY_PK_FK] ) VALUES ( 16, 1);
INSERT INTO [dbo].[AGENCY_MANAGERS]( [ID_AGENCY_ENTITY_PK_FK], [ID_MANAGER_ENTITY_PK_FK] ) VALUES ( 17, 2);
INSERT INTO [dbo].[AGENCY_MANAGERS]( [ID_AGENCY_ENTITY_PK_FK], [ID_MANAGER_ENTITY_PK_FK] ) VALUES ( 18, 5);
GO

-- COMPANY_OWNERS
INSERT INTO [dbo].[COMPANY_OWNERS]( [ID_COMPANY_ENTITY_PK_FK], [ID_OWNER_ENTITY_PK_FK] ) VALUES ( 11, 3);
INSERT INTO [dbo].[COMPANY_OWNERS]( [ID_COMPANY_ENTITY_PK_FK], [ID_OWNER_ENTITY_PK_FK] ) VALUES ( 12, 2);
INSERT INTO [dbo].[COMPANY_OWNERS]( [ID_COMPANY_ENTITY_PK_FK], [ID_OWNER_ENTITY_PK_FK] ) VALUES ( 12, 5);
INSERT INTO [dbo].[COMPANY_OWNERS]( [ID_COMPANY_ENTITY_PK_FK], [ID_OWNER_ENTITY_PK_FK] ) VALUES ( 12, 8);
INSERT INTO [dbo].[COMPANY_OWNERS]( [ID_COMPANY_ENTITY_PK_FK], [ID_OWNER_ENTITY_PK_FK] ) VALUES ( 12, 9);
INSERT INTO [dbo].[COMPANY_OWNERS]( [ID_COMPANY_ENTITY_PK_FK], [ID_OWNER_ENTITY_PK_FK] ) VALUES ( 12, 10);
INSERT INTO [dbo].[COMPANY_OWNERS]( [ID_COMPANY_ENTITY_PK_FK], [ID_OWNER_ENTITY_PK_FK] ) VALUES ( 13, 4);
INSERT INTO [dbo].[COMPANY_OWNERS]( [ID_COMPANY_ENTITY_PK_FK], [ID_OWNER_ENTITY_PK_FK] ) VALUES ( 13, 6);
INSERT INTO [dbo].[COMPANY_OWNERS]( [ID_COMPANY_ENTITY_PK_FK], [ID_OWNER_ENTITY_PK_FK] ) VALUES ( 14, 7);
INSERT INTO [dbo].[COMPANY_OWNERS]( [ID_COMPANY_ENTITY_PK_FK], [ID_OWNER_ENTITY_PK_FK] ) VALUES ( 15, 1);
GO